{"data":{"allMarkdownRemark":{"nodes":[{"frontmatter":{"blurb":"“My philanthropic journey began when A Girl Called Alex stepped into my office and my life 10 years ago. My journey was a journey of discovery and it was Alex who made me realise that. Together, we planned to build something very special in honour of my Mum and Dad. This felt like nothing short of bringing my parents back to life before my eyes. It was an incredibly moving experience. Alex never met my parents, but I feel she knows them very well.”","company":"The Jack and Ada Beattie Foundation","group":3,"title":"Trevor Beattie, Founder","position":1,"logoPath":{"relativePath":"testimonial-logos/beattiefoundation.svg","publicURL":"/static/c2bee93a8dfefb8929e5d29ab0a5278a/beattiefoundation.svg"}}},{"frontmatter":{"blurb":"“We would highly recommend Alex in all aspects of charity establishment. She guided us through the journey and made the process really straightforward and simple, explaining both the processes attached to charitable status, but also the requirements for the organisation to meet best practice as set by the charity commission”","company":"The Finishing School Foundation","group":2,"title":"Nadine Farrar-Hockley","position":1,"logoPath":{"relativePath":"testimonial-logos/brixtonfinishingschool.svg","publicURL":"/static/db3281cab25e15d43eac0f3954ce9613/brixtonfinishingschool.svg"}}},{"frontmatter":{"blurb":"”Alex’s passion for supporting small charities, whilst maximising the impact of financial contributions meant a strong alignment with our objectives, so we asked her to work alongside us to achieve our vision and values.”","company":"The Just Living Foundation","group":4,"title":"The Walker Family, Founders","position":1,"logoPath":{"relativePath":"testimonial-logos/justlivingfoundation.svg","publicURL":"/static/484215be79227565858e5cfc6df3f252/justlivingfoundation.svg"}}},{"frontmatter":{"blurb":"“Alex has in-depth  knowledge of the charity set-up process and made it clear that we could never ask too many questions. At all times we were made to feel that she was on-side and that she understood our needs and what we wanted to achieve.”","company":"The Kingdom Choir","group":1,"title":"Elaine Simpson, Founding Trustee","position":1,"logoPath":{"relativePath":"testimonial-logos/thekingdomchoir.svg","publicURL":"/static/89f5787eca0e2d513e31b4a312ed9f26/thekingdomchoir.svg"}}},{"frontmatter":{"blurb":"“Without Canvas we wouldn’t have known where to begin. I would recommend you to anyone, or actually perhaps not, as we’d like to keep your expertise all to ourselves.”","company":"The Building Lives Foundation","group":4,"title":"Sian Workman","position":2,"logoPath":{"relativePath":"testimonial-logos/buildinglives.svg","publicURL":"/static/0b2cee128de582cd08060afed984524a/buildinglives.svg"}}},{"frontmatter":{"blurb":"“I can’t speak highly enough about the quality of your work. Well done.”","company":"The Footprints Foundation","group":2,"title":"Bob Holt OBE","position":2,"logoPath":{"relativePath":"testimonial-logos/thefootprintsfoundation.svg","publicURL":"/static/d5e5e16739c308569fef5fa1460a6e06/thefootprintsfoundation.svg"}}},{"frontmatter":{"blurb":"“At TBS, we knew we needed someone exceptional to lead our social impact initiatives. That's why we were thrilled to welcome Alex as our Social Impact Director. Alex has proven to be a remarkable addition, embodying firmness, fairness, and inspiration in her approach. Under her guidance, we've made significant strides in our environmental, social, and governance commitments, setting a new standard for excellence in our industry. With Alex at the helm of our social impact efforts, we are confidently moving towards a future where our actions and commitments are in perfect alignment with our vision of a better world.”","company":"The Barber Shop","group":3,"title":"Dino Myers-Lamptey, Founder","position":2,"logoPath":{"relativePath":"testimonial-logos/tbs.svg","publicURL":"/static/4f7386ad5fcd83ae564e25eb59fb02d7/tbs.svg"}}},{"frontmatter":{"blurb":"“Knowing that we are making a tangible difference to young people in the UK motivates the entire agency who are proud of the work the7stars foundation is doing. The foundation would not have been as successful if it weren’t for Alex”","company":"The7stars Foundation","group":1,"title":"Founding trustee","position":2,"logoPath":{"relativePath":"testimonial-logos/7starsfoundation.svg","publicURL":"/static/5bf4610bb77974bfd930eaa9c5bfbf9f/7starsfoundation.svg"}}},{"frontmatter":{"blurb":"“Alex has directed The Arete Foundation from the beginning, shaping our strategy so it aligned to our vision, and create optimal impact across the region. Alex is an integral member of our team and together we look forward to creating more partnerships across the North West to make a difference in young people’s lives”","company":"The Arete Foundation","group":3,"title":"Mike Anslow, Trustee","position":3,"logoPath":{"relativePath":"testimonial-logos/arete.svg","publicURL":"/static/d6e64500cf1ab9894a63153df3880a22/arete.svg"}}},{"frontmatter":{"blurb":"“You do a fantastic job for us and we are lucky to have you. I can’t even imagine doing this without all your hard work and commitment – you are the best thing that ever happened to us! We don’t say it enough. Thank you, thank you, thank you!”","company":"the7stars foundation","group":4,"title":"Trustee","position":3,"logoPath":{"relativePath":"testimonial-logos/7starsfoundation.svg","publicURL":"/static/5bf4610bb77974bfd930eaa9c5bfbf9f/7starsfoundation.svg"}}},{"frontmatter":{"blurb":"“Canvas worked with us to understand our needs and gave us clear advice and drafted policies and procedures that ensured our compliance. Our timescale was tight but they delivered what we needed fully and comfortably within the target timescale. I have been delighted with the outcome.”","company":"Housing Justice","group":2,"title":"Kathy Moran, CEO","position":3,"logoPath":{"relativePath":"testimonial-logos/housingjustice.svg","publicURL":"/static/393b6a251dbb194c418a12717f6d8241/housingjustice.svg"}}},{"frontmatter":{"blurb":"”Alexandra has been key in setting the strategic direction of the Sure Serve Foundation and ensuring successful day-to-day operational delivery. She is a pleasure to work with and we are delighted to have her on board.”","company":"Sureserve Group","group":1,"title":"Alex Spragg, Group Responsible Business Lead","position":3,"logoPath":{"relativePath":"testimonial-logos/sureservegroup.svg","publicURL":"/static/64ffab3b1c75f6b05731fa7011dbf66a/sureservegroup.svg"}}}]}}}