{"data":{"allFile":{"nodes":[{"id":"615ed70e-ad4b-58ad-85b7-cde26ee8ac99","name":"7stars-foundation-logo","childImageSharp":{"gatsbyImageData":{"layout":"constrained","backgroundColor":"#080808","images":{"fallback":{"src":"/static/7585bdc79639d37a210f4dd01ebbe4ac/79d4a/7stars-foundation-logo.png","srcSet":"/static/7585bdc79639d37a210f4dd01ebbe4ac/0aa5e/7stars-foundation-logo.png 48w,\n/static/7585bdc79639d37a210f4dd01ebbe4ac/af962/7stars-foundation-logo.png 96w,\n/static/7585bdc79639d37a210f4dd01ebbe4ac/79d4a/7stars-foundation-logo.png 191w","sizes":"(min-width: 191px) 191px, 100vw"},"sources":[{"srcSet":"/static/7585bdc79639d37a210f4dd01ebbe4ac/a94e8/7stars-foundation-logo.webp 48w,\n/static/7585bdc79639d37a210f4dd01ebbe4ac/41b9c/7stars-foundation-logo.webp 96w,\n/static/7585bdc79639d37a210f4dd01ebbe4ac/f9bf5/7stars-foundation-logo.webp 191w","type":"image/webp","sizes":"(min-width: 191px) 191px, 100vw"}]},"width":191,"height":49}},"relativePath":"client-logos/7stars-foundation-logo.png"},{"id":"169780cb-9bb7-5266-8832-b75418583bf5","name":"arete-foundation-logo","childImageSharp":{"gatsbyImageData":{"layout":"constrained","backgroundColor":"#080808","images":{"fallback":{"src":"/static/327ffe0c54b41921dec6be5d4b42dfeb/dea18/arete-foundation-logo.png","srcSet":"/static/327ffe0c54b41921dec6be5d4b42dfeb/91539/arete-foundation-logo.png 45w,\n/static/327ffe0c54b41921dec6be5d4b42dfeb/5bde9/arete-foundation-logo.png 91w,\n/static/327ffe0c54b41921dec6be5d4b42dfeb/dea18/arete-foundation-logo.png 181w","sizes":"(min-width: 181px) 181px, 100vw"},"sources":[{"srcSet":"/static/327ffe0c54b41921dec6be5d4b42dfeb/adb8a/arete-foundation-logo.webp 45w,\n/static/327ffe0c54b41921dec6be5d4b42dfeb/e5c8f/arete-foundation-logo.webp 91w,\n/static/327ffe0c54b41921dec6be5d4b42dfeb/cab5b/arete-foundation-logo.webp 181w","type":"image/webp","sizes":"(min-width: 181px) 181px, 100vw"}]},"width":181,"height":57}},"relativePath":"client-logos/arete-foundation-logo.png"},{"id":"8737a01c-e985-5c12-b676-45a723ab199a","name":"beattiefoundation","childImageSharp":{"gatsbyImageData":{"layout":"constrained","backgroundColor":"#080808","images":{"fallback":{"src":"/static/0636633b6acfb78252c02e72fa729e24/b8b67/beattiefoundation.png","srcSet":"/static/0636633b6acfb78252c02e72fa729e24/a54ad/beattiefoundation.png 46w,\n/static/0636633b6acfb78252c02e72fa729e24/cdce8/beattiefoundation.png 93w,\n/static/0636633b6acfb78252c02e72fa729e24/b8b67/beattiefoundation.png 185w","sizes":"(min-width: 185px) 185px, 100vw"},"sources":[{"srcSet":"/static/0636633b6acfb78252c02e72fa729e24/dacc6/beattiefoundation.webp 46w,\n/static/0636633b6acfb78252c02e72fa729e24/5eaa4/beattiefoundation.webp 93w,\n/static/0636633b6acfb78252c02e72fa729e24/3bb9f/beattiefoundation.webp 185w","type":"image/webp","sizes":"(min-width: 185px) 185px, 100vw"}]},"width":185,"height":78}},"relativePath":"client-logos/beattiefoundation.png"},{"id":"b6042ad0-2aa2-5b05-a7c1-8bc0f713ae70","name":"brixton-finishing-school","childImageSharp":{"gatsbyImageData":{"layout":"constrained","backgroundColor":"#383838","images":{"fallback":{"src":"/static/d4024dc16937773c08e4ddabcc9149f9/09344/brixton-finishing-school.png","srcSet":"/static/d4024dc16937773c08e4ddabcc9149f9/4aba9/brixton-finishing-school.png 39w,\n/static/d4024dc16937773c08e4ddabcc9149f9/bac9f/brixton-finishing-school.png 77w,\n/static/d4024dc16937773c08e4ddabcc9149f9/09344/brixton-finishing-school.png 154w","sizes":"(min-width: 154px) 154px, 100vw"},"sources":[{"srcSet":"/static/d4024dc16937773c08e4ddabcc9149f9/ad5a7/brixton-finishing-school.webp 39w,\n/static/d4024dc16937773c08e4ddabcc9149f9/f3d65/brixton-finishing-school.webp 77w,\n/static/d4024dc16937773c08e4ddabcc9149f9/8008c/brixton-finishing-school.webp 154w","type":"image/webp","sizes":"(min-width: 154px) 154px, 100vw"}]},"width":154,"height":57.99999999999999}},"relativePath":"client-logos/brixton-finishing-school.png"},{"id":"eb44d951-b9d7-5d17-9c4d-702aa7dba669","name":"buildinglives","childImageSharp":{"gatsbyImageData":{"layout":"constrained","backgroundColor":"#080808","images":{"fallback":{"src":"/static/4419f996df28cf29edf9dacd410d78d1/3fc2c/buildinglives.png","srcSet":"/static/4419f996df28cf29edf9dacd410d78d1/6c409/buildinglives.png 52w,\n/static/4419f996df28cf29edf9dacd410d78d1/4eed9/buildinglives.png 103w,\n/static/4419f996df28cf29edf9dacd410d78d1/3fc2c/buildinglives.png 206w","sizes":"(min-width: 206px) 206px, 100vw"},"sources":[{"srcSet":"/static/4419f996df28cf29edf9dacd410d78d1/50ed3/buildinglives.webp 52w,\n/static/4419f996df28cf29edf9dacd410d78d1/0608d/buildinglives.webp 103w,\n/static/4419f996df28cf29edf9dacd410d78d1/05709/buildinglives.webp 206w","type":"image/webp","sizes":"(min-width: 206px) 206px, 100vw"}]},"width":206,"height":36}},"relativePath":"client-logos/buildinglives.png"},{"id":"564c08b4-48b1-51cd-a0db-687717558323","name":"building-heroes","childImageSharp":{"gatsbyImageData":{"layout":"constrained","backgroundColor":"#080808","images":{"fallback":{"src":"/static/38959b3789843d0bd94cc6449baf19d1/80462/building-heroes.png","srcSet":"/static/38959b3789843d0bd94cc6449baf19d1/f54cb/building-heroes.png 58w,\n/static/38959b3789843d0bd94cc6449baf19d1/ac8ce/building-heroes.png 115w,\n/static/38959b3789843d0bd94cc6449baf19d1/80462/building-heroes.png 230w","sizes":"(min-width: 230px) 230px, 100vw"},"sources":[{"srcSet":"/static/38959b3789843d0bd94cc6449baf19d1/86a67/building-heroes.webp 58w,\n/static/38959b3789843d0bd94cc6449baf19d1/b1dda/building-heroes.webp 115w,\n/static/38959b3789843d0bd94cc6449baf19d1/7c8ca/building-heroes.webp 230w","type":"image/webp","sizes":"(min-width: 230px) 230px, 100vw"}]},"width":230,"height":22}},"relativePath":"client-logos/building-heroes.png"},{"id":"61dfb873-57a9-5714-b45a-4f7fddbc208e","name":"c3posttrade","childImageSharp":{"gatsbyImageData":{"layout":"constrained","backgroundColor":"#080808","images":{"fallback":{"src":"/static/bef2eec7a154579e69d81beee520c5c3/d8bbe/c3posttrade.png","srcSet":"/static/bef2eec7a154579e69d81beee520c5c3/112d6/c3posttrade.png 59w,\n/static/bef2eec7a154579e69d81beee520c5c3/397f6/c3posttrade.png 119w,\n/static/bef2eec7a154579e69d81beee520c5c3/d8bbe/c3posttrade.png 237w","sizes":"(min-width: 237px) 237px, 100vw"},"sources":[{"srcSet":"/static/bef2eec7a154579e69d81beee520c5c3/8c195/c3posttrade.webp 59w,\n/static/bef2eec7a154579e69d81beee520c5c3/31d42/c3posttrade.webp 119w,\n/static/bef2eec7a154579e69d81beee520c5c3/cffe3/c3posttrade.webp 237w","type":"image/webp","sizes":"(min-width: 237px) 237px, 100vw"}]},"width":237,"height":60}},"relativePath":"client-logos/c3posttrade.png"},{"id":"29daff8f-e6fb-506d-84d0-f102020285d0","name":"cafedirect","childImageSharp":{"gatsbyImageData":{"layout":"constrained","backgroundColor":"#080808","images":{"fallback":{"src":"/static/294512ed7fc4b81b0c9843898c110212/b56ab/cafedirect.png","srcSet":"/static/294512ed7fc4b81b0c9843898c110212/0265e/cafedirect.png 38w,\n/static/294512ed7fc4b81b0c9843898c110212/93014/cafedirect.png 76w,\n/static/294512ed7fc4b81b0c9843898c110212/b56ab/cafedirect.png 151w","sizes":"(min-width: 151px) 151px, 100vw"},"sources":[{"srcSet":"/static/294512ed7fc4b81b0c9843898c110212/f3f4f/cafedirect.webp 38w,\n/static/294512ed7fc4b81b0c9843898c110212/42059/cafedirect.webp 76w,\n/static/294512ed7fc4b81b0c9843898c110212/f0ab5/cafedirect.webp 151w","type":"image/webp","sizes":"(min-width: 151px) 151px, 100vw"}]},"width":151,"height":63}},"relativePath":"client-logos/cafedirect.png"},{"id":"4921a81d-3375-598b-ab44-45ff6c899ce1","name":"footprint-foundation","childImageSharp":{"gatsbyImageData":{"layout":"constrained","backgroundColor":"#080808","images":{"fallback":{"src":"/static/96e428f7dc8ab1602f7869531f32441c/fd1a9/footprint-foundation.png","srcSet":"/static/96e428f7dc8ab1602f7869531f32441c/94256/footprint-foundation.png 41w,\n/static/96e428f7dc8ab1602f7869531f32441c/8a7fb/footprint-foundation.png 82w,\n/static/96e428f7dc8ab1602f7869531f32441c/fd1a9/footprint-foundation.png 164w","sizes":"(min-width: 164px) 164px, 100vw"},"sources":[{"srcSet":"/static/96e428f7dc8ab1602f7869531f32441c/9e2d1/footprint-foundation.webp 41w,\n/static/96e428f7dc8ab1602f7869531f32441c/5d5de/footprint-foundation.webp 82w,\n/static/96e428f7dc8ab1602f7869531f32441c/050b3/footprint-foundation.webp 164w","type":"image/webp","sizes":"(min-width: 164px) 164px, 100vw"}]},"width":164,"height":71}},"relativePath":"client-logos/footprint-foundation.png"},{"id":"e2af8abc-5aa4-54fe-9d11-50c3f5206acc","name":"justliving-foundation","childImageSharp":{"gatsbyImageData":{"layout":"constrained","backgroundColor":"#080808","images":{"fallback":{"src":"/static/570de16d97a08d34095b78bc3247fa0d/fcedd/justliving-foundation.png","srcSet":"/static/570de16d97a08d34095b78bc3247fa0d/21582/justliving-foundation.png 48w,\n/static/570de16d97a08d34095b78bc3247fa0d/c716c/justliving-foundation.png 96w,\n/static/570de16d97a08d34095b78bc3247fa0d/fcedd/justliving-foundation.png 192w","sizes":"(min-width: 192px) 192px, 100vw"},"sources":[{"srcSet":"/static/570de16d97a08d34095b78bc3247fa0d/ec163/justliving-foundation.webp 48w,\n/static/570de16d97a08d34095b78bc3247fa0d/d286d/justliving-foundation.webp 96w,\n/static/570de16d97a08d34095b78bc3247fa0d/76c69/justliving-foundation.webp 192w","type":"image/webp","sizes":"(min-width: 192px) 192px, 100vw"}]},"width":192,"height":57}},"relativePath":"client-logos/justliving-foundation.png"},{"id":"5f0e1ce9-f17e-5179-b72b-507f27267ec2","name":"housing-justice","childImageSharp":{"gatsbyImageData":{"layout":"constrained","backgroundColor":"#080808","images":{"fallback":{"src":"/static/3af69c3f9f9c9a3b8389a56c2642d766/1b394/housing-justice.png","srcSet":"/static/3af69c3f9f9c9a3b8389a56c2642d766/defd8/housing-justice.png 50w,\n/static/3af69c3f9f9c9a3b8389a56c2642d766/e80b6/housing-justice.png 100w,\n/static/3af69c3f9f9c9a3b8389a56c2642d766/1b394/housing-justice.png 199w","sizes":"(min-width: 199px) 199px, 100vw"},"sources":[{"srcSet":"/static/3af69c3f9f9c9a3b8389a56c2642d766/804e0/housing-justice.webp 50w,\n/static/3af69c3f9f9c9a3b8389a56c2642d766/26724/housing-justice.webp 100w,\n/static/3af69c3f9f9c9a3b8389a56c2642d766/d1094/housing-justice.webp 199w","type":"image/webp","sizes":"(min-width: 199px) 199px, 100vw"}]},"width":199,"height":119.99999999999999}},"relativePath":"client-logos/housing-justice.png"},{"id":"89fe2f06-7042-58e3-84ac-ba808c48d370","name":"kingdomchoir","childImageSharp":{"gatsbyImageData":{"layout":"constrained","backgroundColor":"#080808","images":{"fallback":{"src":"/static/9861e474c41b3c5dfbc38ee551b33435/43690/kingdomchoir.png","srcSet":"/static/9861e474c41b3c5dfbc38ee551b33435/f1ba5/kingdomchoir.png 45w,\n/static/9861e474c41b3c5dfbc38ee551b33435/1e740/kingdomchoir.png 90w,\n/static/9861e474c41b3c5dfbc38ee551b33435/43690/kingdomchoir.png 180w","sizes":"(min-width: 180px) 180px, 100vw"},"sources":[{"srcSet":"/static/9861e474c41b3c5dfbc38ee551b33435/95c5c/kingdomchoir.webp 45w,\n/static/9861e474c41b3c5dfbc38ee551b33435/66c91/kingdomchoir.webp 90w,\n/static/9861e474c41b3c5dfbc38ee551b33435/55f40/kingdomchoir.webp 180w","type":"image/webp","sizes":"(min-width: 180px) 180px, 100vw"}]},"width":180,"height":86}},"relativePath":"client-logos/kingdomchoir.png"},{"id":"0792d1f6-7005-577d-b63e-16751dc61976","name":"lighthouse-club","childImageSharp":{"gatsbyImageData":{"layout":"constrained","backgroundColor":"#080808","images":{"fallback":{"src":"/static/270584143c35d2623e259c61b415425c/dc891/lighthouse-club.png","srcSet":"/static/270584143c35d2623e259c61b415425c/fa252/lighthouse-club.png 37w,\n/static/270584143c35d2623e259c61b415425c/a1bb4/lighthouse-club.png 75w,\n/static/270584143c35d2623e259c61b415425c/dc891/lighthouse-club.png 149w","sizes":"(min-width: 149px) 149px, 100vw"},"sources":[{"srcSet":"/static/270584143c35d2623e259c61b415425c/ba150/lighthouse-club.webp 37w,\n/static/270584143c35d2623e259c61b415425c/4187d/lighthouse-club.webp 75w,\n/static/270584143c35d2623e259c61b415425c/43571/lighthouse-club.webp 149w","type":"image/webp","sizes":"(min-width: 149px) 149px, 100vw"}]},"width":149,"height":113}},"relativePath":"client-logos/lighthouse-club.png"},{"id":"8b79dc82-351d-511e-bca4-e12221763e99","name":"national-housing","childImageSharp":{"gatsbyImageData":{"layout":"constrained","backgroundColor":"#080808","images":{"fallback":{"src":"/static/6d0cbbd167513f86b8e5abdde2034de5/2a0c6/national-housing.png","srcSet":"/static/6d0cbbd167513f86b8e5abdde2034de5/4a630/national-housing.png 38w,\n/static/6d0cbbd167513f86b8e5abdde2034de5/6e225/national-housing.png 76w,\n/static/6d0cbbd167513f86b8e5abdde2034de5/2a0c6/national-housing.png 151w","sizes":"(min-width: 151px) 151px, 100vw"},"sources":[{"srcSet":"/static/6d0cbbd167513f86b8e5abdde2034de5/d6c2f/national-housing.webp 38w,\n/static/6d0cbbd167513f86b8e5abdde2034de5/6c3d8/national-housing.webp 76w,\n/static/6d0cbbd167513f86b8e5abdde2034de5/e2b6c/national-housing.webp 151w","type":"image/webp","sizes":"(min-width: 151px) 151px, 100vw"}]},"width":151,"height":80}},"relativePath":"client-logos/national-housing.png"},{"id":"06c94507-0c80-5064-8a31-55181ad5f4e1","name":"praetura-ventures","childImageSharp":{"gatsbyImageData":{"layout":"constrained","backgroundColor":"#080808","images":{"fallback":{"src":"/static/2f9df693222ca486ca3b5315e5df3613/a904e/praetura-ventures.png","srcSet":"/static/2f9df693222ca486ca3b5315e5df3613/c58c4/praetura-ventures.png 44w,\n/static/2f9df693222ca486ca3b5315e5df3613/7c20d/praetura-ventures.png 88w,\n/static/2f9df693222ca486ca3b5315e5df3613/a904e/praetura-ventures.png 176w","sizes":"(min-width: 176px) 176px, 100vw"},"sources":[{"srcSet":"/static/2f9df693222ca486ca3b5315e5df3613/c27c3/praetura-ventures.webp 44w,\n/static/2f9df693222ca486ca3b5315e5df3613/e9016/praetura-ventures.webp 88w,\n/static/2f9df693222ca486ca3b5315e5df3613/2bd9b/praetura-ventures.webp 176w","type":"image/webp","sizes":"(min-width: 176px) 176px, 100vw"}]},"width":176,"height":57}},"relativePath":"client-logos/praetura-ventures.png"},{"id":"8604cec4-1493-55f6-8c99-ead757aa6573","name":"stefphilips","childImageSharp":{"gatsbyImageData":{"layout":"constrained","backgroundColor":"#080808","images":{"fallback":{"src":"/static/77b53794a40f62d7eaa444a34a3567bd/420d9/stefphilips.png","srcSet":"/static/77b53794a40f62d7eaa444a34a3567bd/6f133/stefphilips.png 44w,\n/static/77b53794a40f62d7eaa444a34a3567bd/63492/stefphilips.png 87w,\n/static/77b53794a40f62d7eaa444a34a3567bd/420d9/stefphilips.png 174w","sizes":"(min-width: 174px) 174px, 100vw"},"sources":[{"srcSet":"/static/77b53794a40f62d7eaa444a34a3567bd/fbf6c/stefphilips.webp 44w,\n/static/77b53794a40f62d7eaa444a34a3567bd/f32a1/stefphilips.webp 87w,\n/static/77b53794a40f62d7eaa444a34a3567bd/b54a4/stefphilips.webp 174w","type":"image/webp","sizes":"(min-width: 174px) 174px, 100vw"}]},"width":174,"height":65}},"relativePath":"client-logos/stefphilips.png"},{"id":"6626b31c-ffa9-5087-99ce-2e7f5b7e2916","name":"sureserve-group","childImageSharp":{"gatsbyImageData":{"layout":"constrained","backgroundColor":"#080808","images":{"fallback":{"src":"/static/e578e8c9e64170d6608c7ff0a36baf27/269d7/sureserve-group.png","srcSet":"/static/e578e8c9e64170d6608c7ff0a36baf27/15bc5/sureserve-group.png 56w,\n/static/e578e8c9e64170d6608c7ff0a36baf27/894c3/sureserve-group.png 112w,\n/static/e578e8c9e64170d6608c7ff0a36baf27/269d7/sureserve-group.png 224w","sizes":"(min-width: 224px) 224px, 100vw"},"sources":[{"srcSet":"/static/e578e8c9e64170d6608c7ff0a36baf27/e0f9d/sureserve-group.webp 56w,\n/static/e578e8c9e64170d6608c7ff0a36baf27/332ad/sureserve-group.webp 112w,\n/static/e578e8c9e64170d6608c7ff0a36baf27/a9b9b/sureserve-group.webp 224w","type":"image/webp","sizes":"(min-width: 224px) 224px, 100vw"}]},"width":224,"height":41}},"relativePath":"client-logos/sureserve-group.png"},{"id":"f8fde152-5678-5c65-a3fe-a5ae51f30032","name":"tbs","childImageSharp":{"gatsbyImageData":{"layout":"constrained","backgroundColor":"#080808","images":{"fallback":{"src":"/static/e2682596d9c6e4bc7e9df1b08a922fdc/2c1f6/tbs.png","srcSet":"/static/e2682596d9c6e4bc7e9df1b08a922fdc/ea780/tbs.png 35w,\n/static/e2682596d9c6e4bc7e9df1b08a922fdc/25a1a/tbs.png 70w,\n/static/e2682596d9c6e4bc7e9df1b08a922fdc/2c1f6/tbs.png 140w","sizes":"(min-width: 140px) 140px, 100vw"},"sources":[{"srcSet":"/static/e2682596d9c6e4bc7e9df1b08a922fdc/57099/tbs.webp 35w,\n/static/e2682596d9c6e4bc7e9df1b08a922fdc/1be7f/tbs.webp 70w,\n/static/e2682596d9c6e4bc7e9df1b08a922fdc/7d1ad/tbs.webp 140w","type":"image/webp","sizes":"(min-width: 140px) 140px, 100vw"}]},"width":140,"height":66}},"relativePath":"client-logos/tbs.png"},{"id":"7ec06a00-cf13-5531-b219-55d07f025b4b","name":"tons-of-help","childImageSharp":{"gatsbyImageData":{"layout":"constrained","backgroundColor":"#080808","images":{"fallback":{"src":"/static/1d6b0d00889664839aee688fc9e7accd/14cfc/tons-of-help.png","srcSet":"/static/1d6b0d00889664839aee688fc9e7accd/769d1/tons-of-help.png 38w,\n/static/1d6b0d00889664839aee688fc9e7accd/c9695/tons-of-help.png 76w,\n/static/1d6b0d00889664839aee688fc9e7accd/14cfc/tons-of-help.png 152w","sizes":"(min-width: 152px) 152px, 100vw"},"sources":[{"srcSet":"/static/1d6b0d00889664839aee688fc9e7accd/a0fc2/tons-of-help.webp 38w,\n/static/1d6b0d00889664839aee688fc9e7accd/f3eb8/tons-of-help.webp 76w,\n/static/1d6b0d00889664839aee688fc9e7accd/802e2/tons-of-help.webp 152w","type":"image/webp","sizes":"(min-width: 152px) 152px, 100vw"}]},"width":152,"height":91}},"relativePath":"client-logos/tons-of-help.png"},{"id":"62627450-e15d-551e-a3b4-c78e9433445c","name":"you-okay-doc","childImageSharp":{"gatsbyImageData":{"layout":"constrained","backgroundColor":"#080808","images":{"fallback":{"src":"/static/95fd653522dc980ca3190957d7c0e8ab/57511/you-okay-doc.png","srcSet":"/static/95fd653522dc980ca3190957d7c0e8ab/cf7f3/you-okay-doc.png 31w,\n/static/95fd653522dc980ca3190957d7c0e8ab/bef1c/you-okay-doc.png 63w,\n/static/95fd653522dc980ca3190957d7c0e8ab/57511/you-okay-doc.png 125w","sizes":"(min-width: 125px) 125px, 100vw"},"sources":[{"srcSet":"/static/95fd653522dc980ca3190957d7c0e8ab/b512c/you-okay-doc.webp 31w,\n/static/95fd653522dc980ca3190957d7c0e8ab/40b65/you-okay-doc.webp 63w,\n/static/95fd653522dc980ca3190957d7c0e8ab/e9a2e/you-okay-doc.webp 125w","type":"image/webp","sizes":"(min-width: 125px) 125px, 100vw"}]},"width":125,"height":109.99999999999999}},"relativePath":"client-logos/you-okay-doc.png"}]}}}