{"data":{"allMarkdownRemark":{"nodes":[{"frontmatter":{"description":"We help individuals, families and companies of all shapes and sizes, to create the charity, foundation or trust right for them. We don't mind which cause inspires you, we just ask it makes our collective world a better place. We are with you from the start to the end of the journey and will assist you with all aspects in between, from HMRC registration; best practice procedures, Gift Aid reclaim and everything in between - we have you covered.","title":"Charity Establishment","position":1,"iconPath":{"id":"f814c9f6-3ba8-5d45-b919-44e2ce5008d5","childImageSharp":{"gatsbyImageData":{"layout":"constrained","backgroundColor":"#c8b8b8","images":{"fallback":{"src":"/static/c60fe8ccfb20e200a909b0f0968d5178/20b7b/charity-establishment.png","srcSet":"/static/c60fe8ccfb20e200a909b0f0968d5178/bc43a/charity-establishment.png 55w,\n/static/c60fe8ccfb20e200a909b0f0968d5178/e49e4/charity-establishment.png 110w,\n/static/c60fe8ccfb20e200a909b0f0968d5178/20b7b/charity-establishment.png 220w","sizes":"(min-width: 220px) 220px, 100vw"},"sources":[{"srcSet":"/static/c60fe8ccfb20e200a909b0f0968d5178/b3272/charity-establishment.webp 55w,\n/static/c60fe8ccfb20e200a909b0f0968d5178/77688/charity-establishment.webp 110w,\n/static/c60fe8ccfb20e200a909b0f0968d5178/b0936/charity-establishment.webp 220w","type":"image/webp","sizes":"(min-width: 220px) 220px, 100vw"}]},"width":220,"height":220}}}},"id":"ac13bdae-a396-57b4-9641-60a21ec424fc"},{"frontmatter":{"description":"Trust and transparency are increasingly the cornerstone values of every aspect of the charity sector. We work with you to ensure your organisation is aligned to best practice in all aspects of your work. With notable focus on due diligence; compliance; fraud and risk management; conflict of interest and reporting. We work to ensure steps and requirements are understood and implemented in a simple manner which works for the organisation.","title":"Due Diligence, Compliance and Governance","position":2,"iconPath":{"id":"bb8674b0-d14c-5ec6-a16a-ed75069d272c","childImageSharp":{"gatsbyImageData":{"layout":"constrained","backgroundColor":"#c8b8b8","images":{"fallback":{"src":"/static/fa99a5ded060bd29c93a38ce37e208c4/20b7b/due-diligence.png","srcSet":"/static/fa99a5ded060bd29c93a38ce37e208c4/bc43a/due-diligence.png 55w,\n/static/fa99a5ded060bd29c93a38ce37e208c4/e49e4/due-diligence.png 110w,\n/static/fa99a5ded060bd29c93a38ce37e208c4/20b7b/due-diligence.png 220w","sizes":"(min-width: 220px) 220px, 100vw"},"sources":[{"srcSet":"/static/fa99a5ded060bd29c93a38ce37e208c4/b3272/due-diligence.webp 55w,\n/static/fa99a5ded060bd29c93a38ce37e208c4/77688/due-diligence.webp 110w,\n/static/fa99a5ded060bd29c93a38ce37e208c4/b0936/due-diligence.webp 220w","type":"image/webp","sizes":"(min-width: 220px) 220px, 100vw"}]},"width":220,"height":220}}}},"id":"6b81589a-1715-5690-b80e-cdf15ebb94cc"},{"frontmatter":{"description":"It’s a privilege to explore fundamental values powering philanthropic activity. We work with you to identify the issues you care about the most, to then develop a wider charitable strategy, which not only gives life to your original motivations but allows them to grow and widen in scope and reach.","title":"Philanthropy and Giving Strategy Consultancy","position":3,"iconPath":{"id":"113d3a3b-6af0-5d5a-a250-6c344b85055e","childImageSharp":{"gatsbyImageData":{"layout":"constrained","backgroundColor":"#c8b8b8","images":{"fallback":{"src":"/static/2fb89e76d08ce635e2217890d5e4f5b5/20b7b/strategy-consultancy.png","srcSet":"/static/2fb89e76d08ce635e2217890d5e4f5b5/bc43a/strategy-consultancy.png 55w,\n/static/2fb89e76d08ce635e2217890d5e4f5b5/e49e4/strategy-consultancy.png 110w,\n/static/2fb89e76d08ce635e2217890d5e4f5b5/20b7b/strategy-consultancy.png 220w","sizes":"(min-width: 220px) 220px, 100vw"},"sources":[{"srcSet":"/static/2fb89e76d08ce635e2217890d5e4f5b5/b3272/strategy-consultancy.webp 55w,\n/static/2fb89e76d08ce635e2217890d5e4f5b5/77688/strategy-consultancy.webp 110w,\n/static/2fb89e76d08ce635e2217890d5e4f5b5/b0936/strategy-consultancy.webp 220w","type":"image/webp","sizes":"(min-width: 220px) 220px, 100vw"}]},"width":220,"height":220}}}},"id":"d15a3963-7c65-5fc2-8feb-5855480bbc00"},{"frontmatter":{"description":"We direct grant making foundations and manage grant programmes for philanthropic individuals, families and companies, each with differing giving focuses but united in their passion to enhance the world we all share. We have had the privilege of establishing and running charitable foundations and grant programmes for many of our partners, we are proud of all of them as all make the world a little better.","title":"Charitable Foundation and Grant Programme Direction","position":4,"iconPath":{"id":"addc7a4e-1cdd-56c3-b5ac-13c5688b4c9d","childImageSharp":{"gatsbyImageData":{"layout":"constrained","backgroundColor":"#c8b8b8","images":{"fallback":{"src":"/static/1143e464be619d0bc29eab8a79970a96/20b7b/direction.png","srcSet":"/static/1143e464be619d0bc29eab8a79970a96/bc43a/direction.png 55w,\n/static/1143e464be619d0bc29eab8a79970a96/e49e4/direction.png 110w,\n/static/1143e464be619d0bc29eab8a79970a96/20b7b/direction.png 220w","sizes":"(min-width: 220px) 220px, 100vw"},"sources":[{"srcSet":"/static/1143e464be619d0bc29eab8a79970a96/b3272/direction.webp 55w,\n/static/1143e464be619d0bc29eab8a79970a96/77688/direction.webp 110w,\n/static/1143e464be619d0bc29eab8a79970a96/b0936/direction.webp 220w","type":"image/webp","sizes":"(min-width: 220px) 220px, 100vw"}]},"width":220,"height":220}}}},"id":"e2d4c75f-1244-51aa-829e-88b6c74ab473"},{"frontmatter":{"description":"No matter the size and scope of your project, we will help you realise your philanthropic motivations whilst engaging and harnessing your team's collective talent and passion to ensure your company's values are furthered; UN development goals are met and our world is a better place as a result.","title":"CSR, Social Impact and ESG Consultancy","position":5,"iconPath":{"id":"7189a480-b933-5970-ac34-c1ee22502c0a","childImageSharp":{"gatsbyImageData":{"layout":"constrained","backgroundColor":"#c8b8b8","images":{"fallback":{"src":"/static/4e85ba8011e80a174163d7603de35fae/20b7b/csr.png","srcSet":"/static/4e85ba8011e80a174163d7603de35fae/bc43a/csr.png 55w,\n/static/4e85ba8011e80a174163d7603de35fae/e49e4/csr.png 110w,\n/static/4e85ba8011e80a174163d7603de35fae/20b7b/csr.png 220w","sizes":"(min-width: 220px) 220px, 100vw"},"sources":[{"srcSet":"/static/4e85ba8011e80a174163d7603de35fae/b3272/csr.webp 55w,\n/static/4e85ba8011e80a174163d7603de35fae/77688/csr.webp 110w,\n/static/4e85ba8011e80a174163d7603de35fae/b0936/csr.webp 220w","type":"image/webp","sizes":"(min-width: 220px) 220px, 100vw"}]},"width":220,"height":220}}}},"id":"8dc02d5e-0654-56a9-8a3d-fe0dd54d90ef"},{"frontmatter":{"description":"From warbird air shows with Buzz Aldrin, to black tie dinner galas - from pop up food surplus restaurants in collaboration with Time Out and the Mayor of London to raise awareness for Food Poverty, to a dinner dance aboard HMS Belfast for the Normandy Veterans; From gigs with Rudimental at Village Underground to micro-finance programme launches at The Ned. No matter your fundraising goal we will work with you to construct and achieve a fruitful strategy which will not only raise income, but engage supporters – achieving both commercial and emotional investment from donors.","title":"Fundraising Management","position":6,"iconPath":{"id":"36f54423-147a-5f97-853e-b47e85261834","childImageSharp":{"gatsbyImageData":{"layout":"constrained","backgroundColor":"#c8b8b8","images":{"fallback":{"src":"/static/69ce4e0e751e478d4bbf6db99ce81179/20b7b/fundraising.png","srcSet":"/static/69ce4e0e751e478d4bbf6db99ce81179/bc43a/fundraising.png 55w,\n/static/69ce4e0e751e478d4bbf6db99ce81179/e49e4/fundraising.png 110w,\n/static/69ce4e0e751e478d4bbf6db99ce81179/20b7b/fundraising.png 220w","sizes":"(min-width: 220px) 220px, 100vw"},"sources":[{"srcSet":"/static/69ce4e0e751e478d4bbf6db99ce81179/b3272/fundraising.webp 55w,\n/static/69ce4e0e751e478d4bbf6db99ce81179/77688/fundraising.webp 110w,\n/static/69ce4e0e751e478d4bbf6db99ce81179/b0936/fundraising.webp 220w","type":"image/webp","sizes":"(min-width: 220px) 220px, 100vw"}]},"width":220,"height":220}}}},"id":"78e501e6-03bd-510f-b94d-9f5d09d1d549"}]}}}