{"name":"build-javascript","namedChunkGroups":{"app":{"name":"app","assets":[{"name":"webpack-runtime-969e568b0570670a13e7.js","size":4992},{"name":"framework-f19321c44430f0e97de3.js","size":140800},{"name":"app-feb04ce6cce909eff19d.js","size":79372}],"filteredAssets":0,"assetsSize":225164,"filteredAuxiliaryAssets":3,"auxiliaryAssetsSize":655382},"component---src-pages-404-js":{"name":"component---src-pages-404-js","assets":[{"name":"styles.d45e37926c12db8e81c8.css","size":15143},{"name":"commons-efcd0ebf2acfa4f37fd3.js","size":14239},{"name":"component---src-pages-404-js-c19555778a8ab817ef77.js","size":658}],"filteredAssets":0,"assetsSize":30040,"filteredAuxiliaryAssets":6,"auxiliaryAssetsSize":181766},"component---src-pages-index-js":{"name":"component---src-pages-index-js","assets":[{"name":"styles.d45e37926c12db8e81c8.css","size":15143},{"name":"commons-efcd0ebf2acfa4f37fd3.js","size":14239},{"name":"component---src-pages-index-js-2d707ea8dbbe24dec700.js","size":17294}],"filteredAssets":0,"assetsSize":46676,"filteredAuxiliaryAssets":8,"auxiliaryAssetsSize":1543744}},"assetsByChunkName":{"app":["webpack-runtime-969e568b0570670a13e7.js","framework-f19321c44430f0e97de3.js","app-feb04ce6cce909eff19d.js"],"component---src-pages-404-js":["styles.d45e37926c12db8e81c8.css","commons-efcd0ebf2acfa4f37fd3.js","component---src-pages-404-js-c19555778a8ab817ef77.js"],"component---src-pages-index-js":["styles.d45e37926c12db8e81c8.css","commons-efcd0ebf2acfa4f37fd3.js","component---src-pages-index-js-2d707ea8dbbe24dec700.js"]},"childAssetsByChunkName":{}}