{"name":"build-javascript","namedChunkGroups":{"app":{"name":"app","assets":[{"name":"webpack-runtime-25ca157a9f3878283d3d.js","size":4992},{"name":"framework-f19321c44430f0e97de3.js","size":140800},{"name":"app-feb04ce6cce909eff19d.js","size":79372}],"filteredAssets":0,"assetsSize":225164,"filteredAuxiliaryAssets":3,"auxiliaryAssetsSize":655382},"component---src-pages-404-js":{"name":"component---src-pages-404-js","assets":[{"name":"styles.57d8c755f91fc4be4d6e.css","size":15172},{"name":"commons-efcd0ebf2acfa4f37fd3.js","size":14239},{"name":"component---src-pages-404-js-c19555778a8ab817ef77.js","size":658}],"filteredAssets":0,"assetsSize":30069,"filteredAuxiliaryAssets":6,"auxiliaryAssetsSize":181766},"component---src-pages-index-js":{"name":"component---src-pages-index-js","assets":[{"name":"styles.57d8c755f91fc4be4d6e.css","size":15172},{"name":"commons-efcd0ebf2acfa4f37fd3.js","size":14239},{"name":"component---src-pages-index-js-051c71b48cc82112ddd6.js","size":17288}],"filteredAssets":0,"assetsSize":46699,"filteredAuxiliaryAssets":8,"auxiliaryAssetsSize":1543729}},"assetsByChunkName":{"app":["webpack-runtime-25ca157a9f3878283d3d.js","framework-f19321c44430f0e97de3.js","app-feb04ce6cce909eff19d.js"],"component---src-pages-404-js":["styles.57d8c755f91fc4be4d6e.css","commons-efcd0ebf2acfa4f37fd3.js","component---src-pages-404-js-c19555778a8ab817ef77.js"],"component---src-pages-index-js":["styles.57d8c755f91fc4be4d6e.css","commons-efcd0ebf2acfa4f37fd3.js","component---src-pages-index-js-051c71b48cc82112ddd6.js"]},"childAssetsByChunkName":{}}